Name;PIN;Balance;AccountNo
Netta Olczak;259427;10;670044
Wenona Goodered;331195;400;160614
Alic Rowlstone;557398;30;773194
Killy Bryer;511520;500;444967
Jeanette Klimko;498462;200;478379
Larine Damper;921697;250;325667
Wylie Hort;521642;350;981301
Adara Farrant;563940;300;489216
Ragnar Kleinbaum;220388;200;239392
Hallsy Van Salzberger;538761;200;745880
Sallie Trudgion;012108;400;112233
Sibel Husher;167283;500;972214
Riley Loudyan;452018;700;139286
Bastien Kivits;560550;200;229420
Christoffer Possell;541263;400;715428
Pauli Purchon;935095;500;813958
Carmine Bebis;910323;700;121621
Dorotea Evelyn;500304;230;708714
Nicolle Claypole;460481;50;301886
Towny Hanes;711147;300;509024
